participant_id,agent_type,RT_L1,RT_L2,log_RT_L1,log_RT_L2,total_time_L1,total_time_L2,log_total_time_L1,log_total_time_L2
1,human,0.9587,2.826,-0.0421770788991861,1.0388622842623356,292.298,891.285,5.677773829808468,6.79266424164467
7,human,0.817,1.4112,-0.2021161841221342,0.3444404062703898,163.769,703.729,5.098456898318691,6.556393338866578
13,human,1.27,1.0568,0.2390169004704999,0.0552454742259784,192.249,658.203,5.258791406811757,6.4895133943839935
claude,LLM,17.1457,40.823,2.841747413311239,3.709245648066788,674.999,6005.352,6.514711209389951,8.700406350614612
gemini,LLM,23.4395,27.677,3.154422633423281,3.320601743372879,5495.014,2392.022,8.611596414605177,7.779894312352642
gpt,LLM,26.644,43.6687,3.282563984550933,3.7766315983344274,5625.212,8109.618,8.635013915251301,9.000806043657322
