participant_id,agent_type,win_rate_L1,win_rate_L2,win_rate_L3,RT_L1,RT_L2,RT_L3,log_RT_L1,log_RT_L2,log_RT_L3,total_time_L1,total_time_L2,total_time_L3,log_total_time_L1,log_total_time_L2,log_total_time_L3,efficiency_L1,efficiency_L2,efficiency_L3
2,human,1.0,0.5,0.6667,1.0352,1.6603,0.9068,0.0345946447644989,0.5069983089316037,-0.097833360348763,204.365,484.491,460.688,5.319907610790814,6.183098855306895,6.132721024283337,0.9697,0.7488,0.679
4,human,0.8333,0.6667,1.0,0.9748,2.0975,1.269,-0.0255229572310858,0.7407461593592243,0.2382291887322505,162.319,228.069,460.291,5.089563534828302,5.4296482147496885,6.131858898166261,0.8769,0.7022,0.7673
10,human,0.8333,0.5,0.5,2.2398,2.2683,1.801,0.806386576166456,0.8190306522501969,0.588342066193819,496.157,919.515,1385.218,6.206892408897225,6.82384635712502,7.233612806957266,0.8497,0.6151,0.7683
claude,LLM,0.3333,0.0,0.0,13.8875,,,2.6309891549657483,,,1137.191,,,7.03631646557036,,,0.8667,,
deepseek,LLM,0.1667,0.0,0.0,8.521,,,2.142533704845819,,,1570.578,,,7.359198983456958,,,1.0,,
gemini,LLM,0.5,0.0,0.0,7.981,,,2.077063716893872,,,2936.47,,,7.98496345866656,,,0.8841,,
gpt,LLM,0.5,0.0,0.0,11.6377,,,2.454249828277208,,,2331.668,,,7.754339170268335,,,1.0,,
