participant_id,agent_type,win_rate_L1,win_rate_L2,win_rate_L3,RT_L1,RT_L2,RT_L3,log_RT_L1,log_RT_L2,log_RT_L3,total_time_L1,total_time_L2,total_time_L3,log_total_time_L1,log_total_time_L2,log_total_time_L3,efficiency_L1,efficiency_L2,efficiency_L3
1,human,1.0,0.6667,1.0,0.9587,2.826,0.8845,-0.0421770788991861,1.0388622842623356,-0.1227327653822971,292.298,891.285,739.864,5.677773829808468,6.79266424164467,6.606466385524123,1.0,0.6765,0.7091
7,human,1.0,1.0,1.0,0.817,1.4112,2.0182,-0.2021161841221342,0.3444404062703898,0.7022060250482914,163.769,703.729,1276.066,5.098456898318691,6.556393338866578,7.151537186705019,0.9619,0.7942,0.7225
13,human,0.8333,0.6667,1.0,1.27,1.0568,1.1928,0.2390169004704999,0.0552454742259784,0.1763034844683916,192.249,658.203,658.906,5.258791406811757,6.4895133943839935,6.490580883964214,0.9111,0.573,0.7319
claude,LLM,0.5,0.1667,0.0,17.1457,40.823,,2.841747413311239,3.709245648066788,,674.999,6005.352,,6.514711209389951,8.700406350614612,,1.0,0.6111,
deepseek,LLM,0.3333,0.0,0.0,55.351,,,4.013694725838778,,,4843.481,,,8.485388956075633,,,0.8929,,
gemini,LLM,1.0,0.1667,0.0,23.4395,27.677,,3.154422633423281,3.320601743372879,,5495.014,2392.022,,8.611596414605177,7.779894312352642,,0.8253,0.6111,
gpt,LLM,0.8333,0.5,0.0,26.644,43.6687,,3.282563984550933,3.7766315983344274,,5625.212,8109.618,987.78,8.635013915251301,9.000806043657322,6.895460000887986,0.9862,0.8821,
